{
  "train_pt": "output/train_embeddings.npz",
  "dev_pt": "output/dev_embeddings.npz",
  "trained_at": "2026-03-26T15:09:32.827768",
  "best_epoch": 8,
  "best_train_loss": 914.8941014305693,
  "best_train_acc": 0.7276113294040603,
  "best_train_f1": 0.7260997616119778,
  "best_dev_loss": 0.5683225868999816,
  "best_dev_acc": 0.705166270783848,
  "best_dev_f1": 0.7041746160396463,
  "hyperparameters": {
    "INPUT_DIM": 1477,
    "HIDDEN_DIM": 512,
    "NUM_BLOCKS": 3,
    "NUM_CLASSES": 2,
    "DROPOUT_RATE": 0.2,
    "NUM_ATTN_HEADS": 8,
    "NUM_EPOCHS": 15,
    "BATCH_SIZE": 32,
    "NUM_SAMPLES": 24432,
    "LEARNING_RATE": 0.0001,
    "WARMUP_STEPS": 200,
    "TOTAL_STEPS": 11445
  }
}